{
    "swagger": "2.0",
    "info": {
        "version": "1.0.0",
        "title": "My User Project CRUD",
        "description": "My User Project Application API",
        "license": {
            "name": "MIT",
            "url": "https://opensource.org/licenses/MIT"
        }
    },
    "host": "localhost:1000",
    "basePath": "/",
    "tags": [
        {
            "name": "Movies",
            "description": "API for review the movies"
        }
    ],
    "schemes": [
        "http"
    ],
    "consumes": [
        "application/json"
    ],
    "produces": [
        "application/json"
    ],
    "paths": {
        "/movies/": {
            "get": {
                "tags": [
                    "Input Review"
                ],
                "summary": "Input Review",
                "parameters": [],
                "responses": {
                    "200": {
                        "description": ""
                    }
                }
            }
        }
    }
}